{"cameraMode":{"drawMode":0,"name":"Shaded","section":"Shading Mode"},"sceneLighting":false,"audioPlay":false,"sceneViewState":{"showFog":true,"showMaterialUpdate":true,"showSkybox":false,"showFlares":true,"showImageEffects":true,"showParticleSystems":true},"in2DMode":false,"pivot":{"x":26.779016494750978,"y":-166.345458984375,"z":127.63320922851563},"rotation":{"x":0.10766260325908661,"y":0.039361122995615008,"z":0.9934256076812744,"w":-0.00430294731631875},"size":85.63497924804688,"orthographic":false}