{"cameraMode":{"drawMode":0,"name":"Shaded","section":"Shading Mode"},"sceneLighting":false,"audioPlay":false,"sceneViewState":{"showFog":true,"showMaterialUpdate":true,"showSkybox":false,"showFlares":true,"showImageEffects":true,"showParticleSystems":true},"in2DMode":false,"pivot":{"x":21.125389099121095,"y":-88.37969207763672,"z":179.81072998046876},"rotation":{"x":0.0874071940779686,"y":0.14502455294132234,"z":0.9855173230171204,"w":-0.01283061970025301},"size":165.19081115722657,"orthographic":false}